{
    "_meta": {
        "models": {
            "city": "The HCMC urban hub metadata, including Landmark 81 height and branding.",
            "job": "React developer listings for HCMC, mapped to building floors for the descent interaction.",
            "platform": "The source platform (Indeed, LinkedIn, or ITViec)."
        },
        "relationships": [
            "HCMC City contains many Job listings",
            "Each Job listing belongs to a specific Platform source"
        ]
    },
    "city": {
        "id": "hcmc",
        "name": "Ho Chi Minh City",
        "skyscraper": "Landmark 81",
        "totalFloors": 81,
        "descentSpeed": "standard"
    },
    "platforms": [
        {
            "id": "indeed",
            "name": "Indeed Vietnam",
            "url": "https://jobs.vn.indeed.com"
        },
        {
            "id": "linkedin",
            "name": "LinkedIn",
            "url": "https://linkedin.com"
        },
        {
            "id": "itviec",
            "name": "ITViec",
            "url": "https://itviec.com"
        }
    ],
    "jobs": [
        {
            "id": "hcmc-rss-6",
            "title": "22,000 Jobs, Employment in Thành Phố Hồ Chí Minh January 5, 2026| Indeed",
            "company": "Indeed Hiring",
            "salary": "See source",
            "location": "Ho Chi Minh City",
            "postedDate": "2025-12-22",
            "platformId": "indeed",
            "floorNumber": 76,
            "officeAttributes": {
                "vibe": "Corporate Excellence",
                "occupancy": "99%"
            },
            "sourceUrl": "https://jobs.vn.indeed.com/l-th%c3%a0nh-ph%e1%bb%91-h%e1%bb%93-ch%c3%ad-minh-jobs.html"
        },
        {
            "id": "hcmc-rss-18",
            "title": "22,000 Jobs, Employment in Thành Phố Hồ Chí Minh January 5, 2026| Indeed",
            "company": "Indeed Hiring",
            "salary": "See source",
            "location": "Ho Chi Minh City",
            "postedDate": "2025-12-22",
            "platformId": "indeed",
            "floorNumber": 64,
            "officeAttributes": {
                "vibe": "Corporate Excellence",
                "occupancy": "67%"
            },
            "sourceUrl": "https://jobs.vn.indeed.com/l-th%c3%a0nh-ph%e1%bb%91-h%e1%bb%93-ch%c3%ad-minh-jobs.html"
        },
        {
            "id": "hcmc-rss-30",
            "title": "22,000 Jobs, Employment in Thành Phố Hồ Chí Minh January 5, 2026| Indeed",
            "company": "Indeed Hiring",
            "salary": "See source",
            "location": "Ho Chi Minh City",
            "postedDate": "2025-12-22",
            "platformId": "indeed",
            "floorNumber": 52,
            "officeAttributes": {
                "vibe": "Corporate Excellence",
                "occupancy": "96%"
            },
            "sourceUrl": "https://jobs.vn.indeed.com/l-th%c3%a0nh-ph%e1%bb%91-h%e1%bb%93-ch%c3%ad-minh-jobs.html"
        },
        {
            "id": "hcmc-rss-42",
            "title": "22,000 Jobs, Employment in Thành Phố Hồ Chí Minh January 5, 2026| Indeed",
            "company": "Indeed Hiring",
            "salary": "See source",
            "location": "Ho Chi Minh City",
            "postedDate": "2025-12-22",
            "platformId": "indeed",
            "floorNumber": 40,
            "officeAttributes": {
                "vibe": "Corporate Excellence",
                "occupancy": "98%"
            },
            "sourceUrl": "https://jobs.vn.indeed.com/l-th%c3%a0nh-ph%e1%bb%91-h%e1%bb%93-ch%c3%ad-minh-jobs.html"
        },
        {
            "id": "hcmc-rss-54",
            "title": "22,000 Jobs, Employment in Thành Phố Hồ Chí Minh January 5, 2026| Indeed",
            "company": "Indeed Hiring",
            "salary": "See source",
            "location": "Ho Chi Minh City",
            "postedDate": "2025-12-22",
            "platformId": "indeed",
            "floorNumber": 28,
            "officeAttributes": {
                "vibe": "Corporate Excellence",
                "occupancy": "84%"
            },
            "sourceUrl": "https://jobs.vn.indeed.com/l-th%c3%a0nh-ph%e1%bb%91-h%e1%bb%93-ch%c3%ad-minh-jobs.html"
        },
        {
            "id": "hcmc-rss-66",
            "title": "22,000 Jobs, Employment in Thành Phố Hồ Chí Minh January 5, 2026| Indeed",
            "company": "Indeed Hiring",
            "salary": "See source",
            "location": "Ho Chi Minh City",
            "postedDate": "2025-12-22",
            "platformId": "indeed",
            "floorNumber": 16,
            "officeAttributes": {
                "vibe": "Corporate Excellence",
                "occupancy": "72%"
            },
            "sourceUrl": "https://jobs.vn.indeed.com/l-th%c3%a0nh-ph%e1%bb%91-h%e1%bb%93-ch%c3%ad-minh-jobs.html"
        },
        {
            "id": "hcmc-rss-78",
            "title": "22,000 Jobs, Employment in Thành Phố Hồ Chí Minh January 5, 2026| Indeed",
            "company": "Indeed Hiring",
            "salary": "See source",
            "location": "Ho Chi Minh City",
            "postedDate": "2025-12-22",
            "platformId": "indeed",
            "floorNumber": 4,
            "officeAttributes": {
                "vibe": "Corporate Excellence",
                "occupancy": "84%"
            },
            "sourceUrl": "https://jobs.vn.indeed.com/l-th%c3%a0nh-ph%e1%bb%91-h%e1%bb%93-ch%c3%ad-minh-jobs.html"
        }
    ]
}