{
  "danang-hub": {
    "_meta": {
      "models": {
        "city": "The Da Nang urban hub metadata, including Landmark Tower height and branding.",
        "job": "React developer listings for Da Nang, mapped to building floors for the ascent interaction.",
        "platform": "The source platform (LinkedIn or ITViec)."
      },
      "relationships": [
        "Da Nang City contains many Job listings",
        "Each Job listing belongs to a specific Platform source"
      ]
    },
    "city": {
      "id": "danang",
      "name": "Da Nang",
      "skyscraper": "Landmark Tower",
      "totalFloors": 69,
      "ascentSpeed": "standard"
    },
    "platforms": [
      {
        "id": "indeed",
        "name": "Indeed Vietnam",
        "url": "https://jobs.vn.indeed.com"
      },
      {
        "id": "linkedin",
        "name": "LinkedIn",
        "url": "https://linkedin.com"
      },
      {
        "id": "itviec",
        "name": "ITViec",
        "url": "https://itviec.com"
      }
    ],
    "jobs": [
      {
        "id": "danang-001",
        "title": "Full-Stack (.Net/ReactJS) Software Engineer",
        "company": "KMS Technology",
        "salary": "$2,000 - $3,500",
        "location": "Ðà Nẵng",
        "postedDate": "2026-01-04",
        "platformId": "indeed",
        "floorNumber": 8,
        "officeAttributes": {
          "vibe": "Enterprise Software",
          "occupancy": "90%"
        },
        "sourceUrl": "https://jobs.vn.indeed.com/viewjob?jk=kms-fullstack-danang"
      },
      {
        "id": "danang-002",
        "title": "Senior Fullstack Engineer (Python, ReactJS)",
        "company": "Collaboration Betters the World",
        "salary": "$2,500 - $4,000",
        "location": "Ðà Nẵng",
        "postedDate": "2026-01-03",
        "platformId": "indeed",
        "floorNumber": 18,
        "officeAttributes": {
          "vibe": "Global Collaboration",
          "occupancy": "85%"
        },
        "sourceUrl": "https://jobs.vn.indeed.com/viewjob?jk=cbtw-senior-fullstack"
      },
      {
        "id": "danang-003",
        "title": "Senior/Middle Frontend Developer (VueJS/ReactJS)",
        "company": "Hodfords",
        "salary": "$1,800 - $3,200",
        "location": "Ðà Nẵng",
        "postedDate": "2026-01-02",
        "platformId": "indeed",
        "floorNumber": 28,
        "officeAttributes": {
          "vibe": "E-commerce Platform",
          "occupancy": "80%"
        },
        "sourceUrl": "https://jobs.vn.indeed.com/viewjob?jk=hodfords-frontend"
      },
      {
        "id": "danang-004",
        "title": "ReactJS/NodeJS Developer",
        "company": "Code Engine Studio",
        "salary": "$1,500 - $2,800",
        "location": "Ðà Nẵng",
        "postedDate": "2026-01-01",
        "platformId": "indeed",
        "floorNumber": 38,
        "officeAttributes": {
          "vibe": "Digital Studio",
          "occupancy": "75%"
        },
        "sourceUrl": "https://jobs.vn.indeed.com/viewjob?jk=code-engine-react-node"
      },
      {
        "id": "danang-005",
        "title": "Intermediate Full-Stack Developer",
        "company": "Xenia Tech",
        "salary": "$1,800 - $2,500",
        "location": "Ðà Nẵng",
        "postedDate": "2025-12-31",
        "platformId": "indeed",
        "floorNumber": 48,
        "officeAttributes": {
          "vibe": "Disruptive Tech Startup",
          "occupancy": "70%"
        },
        "sourceUrl": "https://jobs.vn.indeed.com/viewjob?jk=xenia-fullstack"
      },
      {
        "id": "danang-006",
        "title": "Senior Full Stack Developer (Ruby/NodeJS/Go/PHP/Python)",
        "company": "Nimble",
        "salary": "$3,000 - $5,000",
        "location": "Ðà Nẵng (Hybrid)",
        "postedDate": "2025-12-30",
        "platformId": "indeed",
        "floorNumber": 58,
        "officeAttributes": {
          "vibe": "Agile Consultancy",
          "occupancy": "85%"
        },
        "sourceUrl": "https://jobs.vn.indeed.com/viewjob?jk=nimble-senior-fullstack"
      },
      {
        "id": "danang-007",
        "title": "(Mid/Sr) Java Developer (ReactJS, J2EE, Spring boot)",
        "company": "Aperia Solutions Viet Nam",
        "salary": "$2,200 - $3,800",
        "location": "Ðà Nẵng",
        "postedDate": "2025-12-29",
        "platformId": "indeed",
        "floorNumber": 65,
        "officeAttributes": {
          "vibe": "Enterprise Solutions",
          "occupancy": "90%"
        },
        "sourceUrl": "https://jobs.vn.indeed.com/viewjob?jk=aperia-java-react"
      },
      {
        "id": "danang-008",
        "title": "Lập trình viên FullStack (PHP/Laravel/Nodejs/React)",
        "company": "HeySheep",
        "salary": "$1,500 - $2,500",
        "location": "Ðà Nẵng",
        "postedDate": "2025-12-28",
        "platformId": "indeed",
        "floorNumber": 12,
        "officeAttributes": {
          "vibe": "Local Startup",
          "occupancy": "65%"
        },
        "sourceUrl": "https://jobs.vn.indeed.com/viewjob?jk=heysheep-fullstack"
      }
    ]
  },
  "hanoi-hub": {
    "_meta": {
      "models": {
        "city": "The Hanoi urban hub metadata, including Landmark 72 height and branding.",
        "job": "React developer listings for Hanoi, mapped to building floors for the ascent interaction.",
        "platform": "The source platform (LinkedIn or ITViec)."
      },
      "relationships": [
        "Hanoi City contains many Job listings",
        "Each Job listing belongs to a specific Platform source"
      ]
    },
    "city": {
      "id": "hanoi",
      "name": "Hanoi",
      "skyscraper": "Landmark 72",
      "totalFloors": 72,
      "ascentSpeed": "standard"
    },
    "platforms": [
      {
        "id": "linkedin",
        "name": "LinkedIn",
        "url": "https://linkedin.com"
      },
      {
        "id": "itviec",
        "name": "ITViec",
        "url": "https://itviec.com"
      }
    ],
    "jobs": [
      {
        "id": "hanoi-001",
        "title": "Senior Frontend Developer (React)",
        "company": "FPT Software",
        "salary": "$2,200 - $3,500",
        "location": "Duy Tan, Hanoi",
        "postedDate": "2026-01-04",
        "platformId": "itviec",
        "floorNumber": 5,
        "officeAttributes": {
          "vibe": "Global Outsourcing Giant",
          "occupancy": "95%"
        },
        "sourceUrl": "https://itviec.com/it-jobs/senior-react-fpt"
      },
      {
        "id": "hanoi-002",
        "title": "React Team Lead",
        "company": "Viettel Group",
        "salary": "Top-tier Local Rate",
        "location": "Linh Dam, Hanoi",
        "postedDate": "2026-01-03",
        "platformId": "linkedin",
        "floorNumber": 15,
        "officeAttributes": {
          "vibe": "Enterprise Stability",
          "occupancy": "100%"
        },
        "sourceUrl": "https://www.linkedin.com/jobs/view/viettel-react"
      },
      {
        "id": "hanoi-003",
        "title": "React Native Specialist",
        "company": "Sun* Inc.",
        "salary": "$2,000 - $3,000",
        "location": "Cau Giay, Hanoi",
        "postedDate": "2026-01-03",
        "platformId": "itviec",
        "floorNumber": 28,
        "officeAttributes": {
          "vibe": "Agile Startup Spirit",
          "occupancy": "80%"
        },
        "sourceUrl": "https://itviec.com/it-jobs/sun-react-native"
      },
      {
        "id": "hanoi-004",
        "title": "Middle React Developer",
        "company": "CMC Global",
        "salary": "$1,500 - $2,500",
        "location": "Duy Tan, Hanoi",
        "postedDate": "2026-01-02",
        "platformId": "linkedin",
        "floorNumber": 40,
        "officeAttributes": {
          "vibe": "Professional Services",
          "occupancy": "75%"
        },
        "sourceUrl": "https://www.linkedin.com/jobs/view/cmc-react"
      },
      {
        "id": "hanoi-005",
        "title": "Lead Software Engineer (Next.js)",
        "company": "VinGroup (VinAI)",
        "salary": "$4,000+",
        "location": "Vinhomes Ocean Park, Hanoi",
        "postedDate": "2026-01-01",
        "platformId": "itviec",
        "floorNumber": 52,
        "officeAttributes": {
          "vibe": "AI Research Lab",
          "occupancy": "65%"
        },
        "sourceUrl": "https://itviec.com/it-jobs/vinai-frontend"
      },
      {
        "id": "hanoi-006",
        "title": "React Developer (Japanese Speaking)",
        "company": "Rikkeisoft",
        "salary": "$1,800 - $2,800",
        "location": "Nam Tu Liem, Hanoi",
        "postedDate": "2025-12-31",
        "platformId": "linkedin",
        "floorNumber": 62,
        "officeAttributes": {
          "vibe": "International Bridge",
          "occupancy": "85%"
        },
        "sourceUrl": "https://www.linkedin.com/jobs/view/rikkei-react"
      },
      {
        "id": "hanoi-007",
        "title": "Principle Product Engineer",
        "company": "Base.vn",
        "salary": "Stock Options + Competitive",
        "location": "Dong Da, Hanoi",
        "postedDate": "2025-12-30",
        "platformId": "itviec",
        "floorNumber": 70,
        "officeAttributes": {
          "vibe": "SaaS Innovation Hub",
          "occupancy": "90%"
        },
        "sourceUrl": "https://itviec.com/it-jobs/base-react-lead"
      }
    ]
  },
  "hcmc-hub": {
    "_meta": {
      "models": {
        "city": "The HCMC urban hub metadata, including Landmark 81 height and branding.",
        "job": "React developer listings for HCMC, mapped to building floors for the descent interaction.",
        "platform": "The source platform (Indeed, LinkedIn, or ITViec)."
      },
      "relationships": [
        "HCMC City contains many Job listings",
        "Each Job listing belongs to a specific Platform source"
      ]
    },
    "city": {
      "id": "hcmc",
      "name": "Ho Chi Minh City",
      "skyscraper": "Landmark 81",
      "totalFloors": 81,
      "descentSpeed": "standard"
    },
    "platforms": [
      {
        "id": "indeed",
        "name": "Indeed Vietnam",
        "url": "https://jobs.vn.indeed.com"
      },
      {
        "id": "linkedin",
        "name": "LinkedIn",
        "url": "https://linkedin.com"
      },
      {
        "id": "itviec",
        "name": "ITViec",
        "url": "https://itviec.com"
      }
    ],
    "jobs": [
      {
        "id": "hcmc-rss-6",
        "title": "22,000 Jobs, Employment in Thành Phố Hồ Chí Minh January 5, 2026| Indeed",
        "company": "Indeed Hiring",
        "salary": "See source",
        "location": "Ho Chi Minh City",
        "postedDate": "2025-12-22",
        "platformId": "indeed",
        "floorNumber": 76,
        "officeAttributes": {
          "vibe": "Corporate Excellence",
          "occupancy": "99%"
        },
        "sourceUrl": "https://jobs.vn.indeed.com/l-th%c3%a0nh-ph%e1%bb%91-h%e1%bb%93-ch%c3%ad-minh-jobs.html"
      },
      {
        "id": "hcmc-rss-18",
        "title": "22,000 Jobs, Employment in Thành Phố Hồ Chí Minh January 5, 2026| Indeed",
        "company": "Indeed Hiring",
        "salary": "See source",
        "location": "Ho Chi Minh City",
        "postedDate": "2025-12-22",
        "platformId": "indeed",
        "floorNumber": 64,
        "officeAttributes": {
          "vibe": "Corporate Excellence",
          "occupancy": "67%"
        },
        "sourceUrl": "https://jobs.vn.indeed.com/l-th%c3%a0nh-ph%e1%bb%91-h%e1%bb%93-ch%c3%ad-minh-jobs.html"
      },
      {
        "id": "hcmc-rss-30",
        "title": "22,000 Jobs, Employment in Thành Phố Hồ Chí Minh January 5, 2026| Indeed",
        "company": "Indeed Hiring",
        "salary": "See source",
        "location": "Ho Chi Minh City",
        "postedDate": "2025-12-22",
        "platformId": "indeed",
        "floorNumber": 52,
        "officeAttributes": {
          "vibe": "Corporate Excellence",
          "occupancy": "96%"
        },
        "sourceUrl": "https://jobs.vn.indeed.com/l-th%c3%a0nh-ph%e1%bb%91-h%e1%bb%93-ch%c3%ad-minh-jobs.html"
      },
      {
        "id": "hcmc-rss-42",
        "title": "22,000 Jobs, Employment in Thành Phố Hồ Chí Minh January 5, 2026| Indeed",
        "company": "Indeed Hiring",
        "salary": "See source",
        "location": "Ho Chi Minh City",
        "postedDate": "2025-12-22",
        "platformId": "indeed",
        "floorNumber": 40,
        "officeAttributes": {
          "vibe": "Corporate Excellence",
          "occupancy": "98%"
        },
        "sourceUrl": "https://jobs.vn.indeed.com/l-th%c3%a0nh-ph%e1%bb%91-h%e1%bb%93-ch%c3%ad-minh-jobs.html"
      },
      {
        "id": "hcmc-rss-54",
        "title": "22,000 Jobs, Employment in Thành Phố Hồ Chí Minh January 5, 2026| Indeed",
        "company": "Indeed Hiring",
        "salary": "See source",
        "location": "Ho Chi Minh City",
        "postedDate": "2025-12-22",
        "platformId": "indeed",
        "floorNumber": 28,
        "officeAttributes": {
          "vibe": "Corporate Excellence",
          "occupancy": "84%"
        },
        "sourceUrl": "https://jobs.vn.indeed.com/l-th%c3%a0nh-ph%e1%bb%91-h%e1%bb%93-ch%c3%ad-minh-jobs.html"
      },
      {
        "id": "hcmc-rss-66",
        "title": "22,000 Jobs, Employment in Thành Phố Hồ Chí Minh January 5, 2026| Indeed",
        "company": "Indeed Hiring",
        "salary": "See source",
        "location": "Ho Chi Minh City",
        "postedDate": "2025-12-22",
        "platformId": "indeed",
        "floorNumber": 16,
        "officeAttributes": {
          "vibe": "Corporate Excellence",
          "occupancy": "72%"
        },
        "sourceUrl": "https://jobs.vn.indeed.com/l-th%c3%a0nh-ph%e1%bb%91-h%e1%bb%93-ch%c3%ad-minh-jobs.html"
      },
      {
        "id": "hcmc-rss-78",
        "title": "22,000 Jobs, Employment in Thành Phố Hồ Chí Minh January 5, 2026| Indeed",
        "company": "Indeed Hiring",
        "salary": "See source",
        "location": "Ho Chi Minh City",
        "postedDate": "2025-12-22",
        "platformId": "indeed",
        "floorNumber": 4,
        "officeAttributes": {
          "vibe": "Corporate Excellence",
          "occupancy": "84%"
        },
        "sourceUrl": "https://jobs.vn.indeed.com/l-th%c3%a0nh-ph%e1%bb%91-h%e1%bb%93-ch%c3%ad-minh-jobs.html"
      }
    ]
  }
}